Special_Lite,21,Branch1
Mild_Lite,42,Branch8
Double_MOCHA,85,Branch2
ICY_Espresso,172,Branch3
MED_MOCHA,347,Branch5
Cold_MOCHA,698,Branch3
LARGE_Coffee,365,Branch5
SMALL_cappuccino,736,Branch9
Triple_cappuccino,443,Branch5
Special_Lite,894,Branch8
Mild_cappuccino,761,Branch6
Double_cappuccino,496,Branch7
ICY_Lite,1003,Branch6
MED_cappuccino,982,Branch5
Cold_cappuccino,941,Branch7
LARGE_MOCHA,860,Branch5
SMALL_LATTE,699,Branch3
Triple_LATTE,378,Branch2
Special_cappuccino,773,Branch6
Mild_LATTE,528,Branch2
Double_Espresso,39,Branch5
ICY_cappuccino,98,Branch8
MED_Espresso,217,Branch3
Cold_Espresso,456,Branch8
LARGE_cappuccino,935,Branch5
SMALL_Coffee,858,Branch5
Triple_Coffee,705,Branch4
Special_LATTE,400,Branch6
Mild_Coffee,827,Branch3
Double_Lite,646,Branch5
ICY_LATTE,285,Branch7
MED_Lite,600,Branch8
Cold_Lite,195,Branch5
LARGE_Espresso,422,Branch4
SMALL_MOCHA,877,Branch5
Triple_MOCHA,752,Branch2
Special_Coffee,503,Branch7
Mild_MOCHA,1042,Branch6
Double_cappuccino,49,Branch1
ICY_Coffee,136,Branch8
MED_cappuccino,311,Branch9
Cold_cappuccino,662,Branch2
LARGE_Lite,329,Branch4
SMALL_cappuccino,700,Branch4
Triple_cappuccino,407,Branch8
Special_MOCHA,858,Branch8
Mild_cappuccino,725,Branch3
Double_LATTE,460,Branch5
ICY_MOCHA,967,Branch8
MED_LATTE,946,Branch8
Cold_LATTE,905,Branch4
LARGE_cappuccino,824,Branch6
SMALL_Espresso,663,Branch3
Triple_Espresso,342,Branch5
Special_cappuccino,737,Branch6
Mild_Espresso,492,Branch2
Double_Coffee,1039,Branch4
ICY_cappuccino,62,Branch8
MED_Coffee,181,Branch7
Cold_Coffee,420,Branch1
LARGE_LATTE,899,Branch5
SMALL_Lite,822,Branch3
Triple_Lite,669,Branch6
Special_Espresso,364,Branch5
Mild_Lite,791,Branch7
Double_MOCHA,610,Branch5
ICY_Espresso,249,Branch8
MED_MOCHA,564,Branch2
Cold_MOCHA,159,Branch3
LARGE_Coffee,386,Branch8
SMALL_cappuccino,841,Branch1
Triple_cappuccino,716,Branch8
Special_Lite,467,Branch8
Mild_cappuccino,1006,Branch4
Double_cappuccino,1049,Branch7
ICY_Lite,100,Branch3
MED_cappuccino,275,Branch2
Cold_cappuccino,626,Branch6
LARGE_MOCHA,293,Branch2
SMALL_LATTE,664,Branch5
Triple_LATTE,371,Branch5
Special_cappuccino,822,Branch5
Mild_LATTE,689,Branch6
Double_Espresso,424,Branch7
ICY_cappuccino,931,Branch7
MED_Espresso,910,Branch7
Cold_Espresso,869,Branch6
LARGE_cappuccino,788,Branch8
SMALL_Coffee,627,Branch5
Triple_Coffee,306,Branch6
Special_LATTE,701,Branch9
Mild_Coffee,456,Branch3
Double_Lite,1003,Branch5
ICY_LATTE,26,Branch5
MED_Lite,145,Branch1
Cold_Lite,384,Branch7
LARGE_Espresso,863,Branch4
SMALL_MOCHA,786,Branch6
Triple_MOCHA,633,Branch7
Special_Coffee,328,Branch6
Mild_MOCHA,755,Branch6
Double_cappuccino,574,Branch3
ICY_Coffee,213,Branch8
MED_cappuccino,528,Branch9
Cold_cappuccino,123,Branch3
LARGE_Lite,350,Branch1
SMALL_cappuccino,805,Branch8
Triple_cappuccino,680,Branch5
Special_MOCHA,431,Branch5
Mild_cappuccino,970,Branch8
Double_LATTE,1013,Branch3
ICY_MOCHA,64,Branch3
MED_LATTE,239,Branch8
Cold_LATTE,590,Branch7
LARGE_cappuccino,257,Branch9
SMALL_Espresso,628,Branch2
Triple_Espresso,335,Branch9
Special_cappuccino,786,Branch1
Mild_Espresso,653,Branch6
Double_Coffee,388,Branch7
ICY_cappuccino,895,Branch4
MED_Coffee,874,Branch1
Cold_Coffee,833,Branch2
LARGE_LATTE,752,Branch3
SMALL_Lite,591,Branch2
Triple_Lite,270,Branch8
Special_Espresso,665,Branch2
Mild_Lite,420,Branch9
Double_MOCHA,967,Branch5
ICY_Espresso,1026,Branch8
MED_MOCHA,109,Branch2
Cold_MOCHA,348,Branch8
LARGE_Coffee,827,Branch7
SMALL_cappuccino,750,Branch5
Triple_cappuccino,597,Branch6
Special_Lite,292,Branch5
Mild_cappuccino,719,Branch3
Double_cappuccino,538,Branch1
ICY_Lite,177,Branch5
MED_cappuccino,492,Branch8
Cold_cappuccino,87,Branch4
LARGE_MOCHA,314,Branch2
SMALL_LATTE,769,Branch8
Triple_LATTE,644,Branch9
Special_cappuccino,395,Branch5
Mild_LATTE,934,Branch3
Double_Espresso,977,Branch7
ICY_cappuccino,28,Branch3
MED_Espresso,203,Branch1
Cold_Espresso,554,Branch6
LARGE_cappuccino,221,Branch6
SMALL_Coffee,592,Branch7
Triple_Coffee,299,Branch5
Special_LATTE,750,Branch7
Mild_Coffee,617,Branch3
Double_Lite,352,Branch9
ICY_LATTE,859,Branch6
MED_Lite,838,Branch6
Cold_Lite,797,Branch8
LARGE_Espresso,716,Branch8
SMALL_MOCHA,555,Branch8
Triple_MOCHA,234,Branch5
Special_Coffee,629,Branch6
Mild_MOCHA,384,Branch5
Double_cappuccino,931,Branch2
ICY_Coffee,990,Branch6
MED_cappuccino,73,Branch2
Cold_cappuccino,312,Branch5
LARGE_Lite,791,Branch8
SMALL_cappuccino,714,Branch6
Triple_cappuccino,561,Branch4
Special_MOCHA,256,Branch3
Mild_cappuccino,683,Branch5
Double_LATTE,502,Branch1
ICY_MOCHA,141,Branch5
MED_LATTE,456,Branch6
Cold_LATTE,51,Branch4
LARGE_cappuccino,278,Branch3
SMALL_Espresso,733,Branch6
Triple_Espresso,608,Branch6
Special_cappuccino,359,Branch8
Mild_Espresso,898,Branch7
Double_Coffee,941,Branch4
ICY_cappuccino,1028,Branch6
MED_Coffee,167,Branch2
Cold_Coffee,518,Branch5
LARGE_LATTE,185,Branch5
SMALL_Lite,556,Branch3
Triple_Lite,263,Branch5
Special_Espresso,714,Branch9
Mild_Lite,581,Branch9
Double_MOCHA,316,Branch3
ICY_Espresso,823,Branch2
MED_MOCHA,802,Branch5
Cold_MOCHA,761,Branch7
LARGE_Coffee,680,Branch3
SMALL_cappuccino,519,Branch5
Triple_cappuccino,198,Branch8
Special_Lite,593,Branch1
Mild_cappuccino,348,Branch3
Double_cappuccino,895,Branch1
ICY_Lite,954,Branch8
MED_cappuccino,37,Branch2
Cold_cappuccino,276,Branch3
LARGE_MOCHA,755,Branch5
SMALL_LATTE,678,Branch3
Triple_LATTE,525,Branch5
Special_cappuccino,220,Branch9
Mild_LATTE,647,Branch5
Double_Espresso,466,Branch8
ICY_cappuccino,105,Branch6
MED_Espresso,420,Branch7
Cold_Espresso,1051,Branch6
LARGE_cappuccino,242,Branch5
SMALL_Coffee,697,Branch7
Triple_Coffee,572,Branch5
Special_LATTE,323,Branch3
Mild_Coffee,862,Branch2
Double_Lite,905,Branch6
ICY_LATTE,992,Branch2
MED_Lite,131,Branch5
Cold_Lite,482,Branch8
LARGE_Espresso,149,Branch3
SMALL_MOCHA,520,Branch8
Triple_MOCHA,227,Branch5
Special_Coffee,678,Branch5
Mild_MOCHA,545,Branch4
Double_cappuccino,280,Branch6
ICY_Coffee,787,Branch3
MED_cappuccino,766,Branch5
Cold_cappuccino,725,Branch7
LARGE_Lite,644,Branch8
SMALL_cappuccino,483,Branch5
Triple_cappuccino,162,Branch4
Special_MOCHA,557,Branch5
Mild_cappuccino,312,Branch2
Double_LATTE,859,Branch7
ICY_MOCHA,918,Branch6
MED_LATTE,1037,Branch1
Cold_LATTE,240,Branch8
LARGE_cappuccino,719,Branch9
SMALL_Espresso,642,Branch2
Triple_Espresso,489,Branch4
Special_cappuccino,184,Branch4
Mild_Espresso,611,Branch8
Double_Coffee,430,Branch8
ICY_cappuccino,69,Branch3
MED_Coffee,384,Branch5
Cold_Coffee,1015,Branch8
LARGE_LATTE,206,Branch8
SMALL_Lite,661,Branch4
Triple_Lite,536,Branch6
Special_Espresso,287,Branch3
Mild_Lite,826,Branch5
Double_MOCHA,869,Branch6
ICY_Espresso,956,Branch2
MED_MOCHA,95,Branch4
Cold_MOCHA,446,Branch8
LARGE_Coffee,113,Branch7
SMALL_cappuccino,484,Branch1
Triple_cappuccino,191,Branch5
Special_Lite,642,Branch3
Mild_cappuccino,509,Branch6
Double_cappuccino,244,Branch5
ICY_Lite,751,Branch7
MED_cappuccino,730,Branch5
Cold_cappuccino,689,Branch8
LARGE_MOCHA,608,Branch2
SMALL_LATTE,447,Branch3
Triple_LATTE,126,Branch8
Special_cappuccino,521,Branch1
Mild_LATTE,276,Branch8
Double_Espresso,823,Branch8
ICY_cappuccino,882,Branch4
MED_Espresso,1001,Branch7
Cold_Espresso,204,Branch3
LARGE_cappuccino,683,Branch2
SMALL_Coffee,606,Branch6
Triple_Coffee,453,Branch2
Special_LATTE,148,Branch5
Mild_Coffee,575,Branch5
Double_Lite,394,Branch5
ICY_LATTE,33,Branch6
MED_Lite,348,Branch7
Cold_Lite,979,Branch7
LARGE_Espresso,170,Branch7
SMALL_MOCHA,625,Branch6
Triple_MOCHA,500,Branch8
Special_Coffee,251,Branch5
Mild_MOCHA,790,Branch6
Double_cappuccino,833,Branch9
ICY_Coffee,920,Branch3
MED_cappuccino,59,Branch5
Cold_cappuccino,410,Branch5
LARGE_Lite,77,Branch1
SMALL_cappuccino,448,Branch7
Triple_cappuccino,155,Branch4
Special_MOCHA,606,Branch6
Mild_cappuccino,473,Branch7
Double_LATTE,208,Branch6
ICY_MOCHA,715,Branch6
MED_LATTE,694,Branch3
Cold_LATTE,653,Branch8
LARGE_cappuccino,572,Branch9
SMALL_Espresso,411,Branch3
Triple_Espresso,90,Branch1
Special_cappuccino,485,Branch8
Mild_Espresso,240,Branch5
Double_Coffee,787,Branch5
ICY_cappuccino,846,Branch8
MED_Coffee,965,Branch3
Cold_Coffee,168,Branch3
LARGE_LATTE,647,Branch8
SMALL_Lite,570,Branch7
Triple_Lite,417,Branch9
Special_Espresso,112,Branch2
Mild_Lite,539,Branch9
Double_MOCHA,358,Branch1
ICY_Espresso,1033,Branch6
MED_MOCHA,312,Branch7
Cold_MOCHA,943,Branch4
LARGE_Coffee,134,Branch1
SMALL_cappuccino,589,Branch2
Triple_cappuccino,464,Branch3
Special_Lite,215,Branch2
Mild_cappuccino,754,Branch8
Double_cappuccino,797,Branch2
ICY_Lite,884,Branch9
MED_cappuccino,23,Branch5
Cold_cappuccino,374,Branch8
LARGE_MOCHA,41,Branch2
SMALL_LATTE,412,Branch8
Triple_LATTE,119,Branch7
Special_cappuccino,570,Branch5
Mild_LATTE,437,Branch6
Double_Espresso,172,Branch5
ICY_cappuccino,679,Branch3
MED_Espresso,658,Branch1
Cold_Espresso,617,Branch5
LARGE_cappuccino,536,Branch8
SMALL_Coffee,375,Branch4
Triple_Coffee,54,Branch2
Special_LATTE,449,Branch8
Mild_Coffee,204,Branch9
Double_Lite,751,Branch5
ICY_LATTE,810,Branch3
MED_Lite,929,Branch7
Cold_Lite,132,Branch3
LARGE_Espresso,611,Branch1
SMALL_MOCHA,534,Branch6
Triple_MOCHA,381,Branch6
Special_Coffee,76,Branch7
Mild_MOCHA,503,Branch5
Double_cappuccino,322,Branch7
ICY_Coffee,997,Branch3
MED_cappuccino,276,Branch9
Cold_cappuccino,907,Branch6
LARGE_Lite,98,Branch6
SMALL_cappuccino,553,Branch8
Triple_cappuccino,428,Branch8
Special_MOCHA,179,Branch8
Mild_cappuccino,718,Branch5
Double_LATTE,761,Branch6
ICY_MOCHA,848,Branch5
MED_LATTE,1023,Branch2
Cold_LATTE,338,Branch6
LARGE_cappuccino,1041,Branch2
SMALL_Espresso,376,Branch5
Triple_Espresso,83,Branch8
Special_cappuccino,534,Branch6
Mild_Espresso,401,Branch4
Double_Coffee,136,Branch3
ICY_cappuccino,643,Branch5
MED_Coffee,622,Branch1
Cold_Coffee,581,Branch5
LARGE_LATTE,500,Branch6
SMALL_Lite,339,Branch4
Triple_Lite,18,Branch3
Special_Espresso,413,Branch6
Mild_Lite,168,Branch6
Double_MOCHA,715,Branch8
ICY_Espresso,774,Branch7
MED_MOCHA,893,Branch4
Cold_MOCHA,96,Branch6
LARGE_Coffee,575,Branch2
SMALL_cappuccino,498,Branch5
Triple_cappuccino,345,Branch5
Special_Lite,40,Branch3
Mild_cappuccino,467,Branch5
Double_cappuccino,286,Branch9
ICY_Lite,961,Branch9
MED_cappuccino,240,Branch3
Cold_cappuccino,871,Branch2
LARGE_MOCHA,62,Branch5
SMALL_LATTE,517,Branch7
Triple_LATTE,392,Branch3
Special_cappuccino,143,Branch5
Mild_LATTE,682,Branch8
Double_Espresso,725,Branch1
ICY_cappuccino,812,Branch3
MED_Espresso,987,Branch1
Cold_Espresso,302,Branch8
LARGE_cappuccino,1005,Branch2
SMALL_Coffee,340,Branch3
Triple_Coffee,47,Branch5
Special_LATTE,498,Branch3
Mild_Coffee,365,Branch5
Double_Lite,100,Branch9
ICY_LATTE,607,Branch5
MED_Lite,586,Branch8
Cold_Lite,545,Branch6
LARGE_Espresso,464,Branch7
SMALL_MOCHA,303,Branch6
Triple_MOCHA,1018,Branch5
Special_Coffee,377,Branch7
Mild_MOCHA,132,Branch5
Double_cappuccino,679,Branch3
ICY_Coffee,738,Branch2
MED_cappuccino,857,Branch6
Cold_cappuccino,60,Branch2
LARGE_Lite,539,Branch5
SMALL_cappuccino,462,Branch8
Triple_cappuccino,309,Branch3
Special_MOCHA,1040,Branch8
Mild_cappuccino,431,Branch5
Double_LATTE,250,Branch5
ICY_MOCHA,925,Branch4
MED_LATTE,204,Branch6
Cold_LATTE,835,Branch3
LARGE_cappuccino,26,Branch5
SMALL_Espresso,481,Branch7
Triple_Espresso,356,Branch8
Special_cappuccino,107,Branch5
Mild_Espresso,646,Branch4
Double_Coffee,689,Branch5
ICY_cappuccino,776,Branch2
MED_Coffee,951,Branch7
Cold_Coffee,266,Branch6
LARGE_LATTE,969,Branch1
SMALL_Lite,304,Branch8
Triple_Lite,1047,Branch9
Special_Espresso,462,Branch2
Mild_Lite,329,Branch4
Double_MOCHA,64,Branch4
ICY_Espresso,571,Branch8
MED_MOCHA,550,Branch8
Cold_MOCHA,509,Branch3
LARGE_Coffee,428,Branch5
SMALL_cappuccino,267,Branch8
Triple_cappuccino,982,Branch8
Special_Lite,341,Branch4
Mild_cappuccino,96,Branch6
Double_cappuccino,643,Branch3
ICY_Lite,702,Branch5
MED_cappuccino,821,Branch6
Cold_cappuccino,24,Branch2
LARGE_MOCHA,503,Branch4
SMALL_LATTE,426,Branch8
Triple_LATTE,273,Branch7
Special_cappuccino,1004,Branch1
Mild_LATTE,395,Branch5
Double_Espresso,214,Branch3
ICY_cappuccino,889,Branch6
MED_Espresso,168,Branch5
Cold_Espresso,799,Branch7
LARGE_cappuccino,1026,Branch5
SMALL_Coffee,445,Branch8
Triple_Coffee,320,Branch2
Special_LATTE,71,Branch3
Mild_Coffee,610,Branch8
Double_Lite,653,Branch1
ICY_LATTE,740,Branch8
MED_Lite,915,Branch8
Cold_Lite,230,Branch4
LARGE_Espresso,933,Branch7
SMALL_MOCHA,268,Branch3
Triple_MOCHA,1011,Branch2
Special_Coffee,426,Branch6
Mild_MOCHA,293,Branch2
Double_cappuccino,28,Branch5
ICY_Coffee,535,Branch5
MED_cappuccino,514,Branch5
Cold_cappuccino,473,Branch6
LARGE_Lite,392,Branch7
SMALL_cappuccino,231,Branch7
Triple_cappuccino,946,Branch7
Special_MOCHA,305,Branch6
Mild_cappuccino,60,Branch8
Double_LATTE,607,Branch5
ICY_MOCHA,666,Branch6
MED_LATTE,785,Branch9
Cold_LATTE,1024,Branch3
LARGE_cappuccino,467,Branch5
SMALL_Espresso,390,Branch5
Triple_Espresso,237,Branch1
Special_cappuccino,968,Branch7
Mild_Espresso,359,Branch4
Double_Coffee,178,Branch6
ICY_cappuccino,853,Branch7
MED_Coffee,132,Branch6
Cold_Coffee,763,Branch6
LARGE_LATTE,990,Branch3
SMALL_Lite,409,Branch8
Triple_Lite,284,Branch9
Special_Espresso,35,Branch3
Mild_Lite,574,Branch1
Double_MOCHA,617,Branch8
ICY_Espresso,704,Branch5
MED_MOCHA,879,Branch5
Cold_MOCHA,194,Branch8
LARGE_Coffee,897,Branch3
SMALL_cappuccino,232,Branch3
Triple_cappuccino,975,Branch8
Special_Lite,390,Branch7
Mild_cappuccino,257,Branch9
Double_cappuccino,1028,Branch2
ICY_Lite,499,Branch9
MED_cappuccino,478,Branch1
Cold_cappuccino,437,Branch6
LARGE_MOCHA,356,Branch7
SMALL_LATTE,195,Branch4
Triple_LATTE,910,Branch1
Special_cappuccino,269,Branch2
Mild_LATTE,24,Branch3
Double_Espresso,571,Branch2
ICY_cappuccino,630,Branch8
MED_Espresso,749,Branch2
Cold_Espresso,988,Branch9
LARGE_cappuccino,431,Branch5
SMALL_Coffee,354,Branch8
Triple_Coffee,201,Branch2
Special_LATTE,932,Branch8
Mild_Coffee,323,Branch7
Double_Lite,142,Branch5
ICY_LATTE,817,Branch6
MED_Lite,96,Branch5
Cold_Lite,727,Branch3
LARGE_Espresso,954,Branch1
SMALL_MOCHA,373,Branch5
Triple_MOCHA,248,Branch8
Special_Coffee,1035,Branch4
Mild_MOCHA,538,Branch2
Double_cappuccino,581,Branch8
ICY_Coffee,668,Branch9
MED_cappuccino,843,Branch5
Cold_cappuccino,158,Branch3
LARGE_Lite,861,Branch7
SMALL_cappuccino,196,Branch3
Triple_cappuccino,939,Branch1
Special_MOCHA,354,Branch6
Mild_cappuccino,221,Branch6
Double_LATTE,992,Branch7
ICY_MOCHA,463,Branch5
MED_LATTE,442,Branch7
Cold_LATTE,401,Branch3
LARGE_cappuccino,320,Branch9
SMALL_Espresso,159,Branch6
Triple_Espresso,874,Branch6
Special_cappuccino,233,Branch8
Mild_Espresso,1024,Branch8
Double_Coffee,535,Branch8
ICY_cappuccino,594,Branch5
MED_Coffee,713,Branch6
Cold_Coffee,952,Branch5
LARGE_LATTE,395,Branch2
SMALL_Lite,318,Branch6
Triple_Lite,165,Branch2
Special_Espresso,896,Branch5
Mild_Lite,287,Branch8
Double_MOCHA,106,Branch6
ICY_Espresso,781,Branch4
MED_MOCHA,60,Branch3
Cold_MOCHA,691,Branch5
LARGE_Coffee,918,Branch1
SMALL_cappuccino,337,Branch5
Triple_cappuccino,212,Branch6
Special_Lite,999,Branch4
Mild_cappuccino,502,Branch3
Double_cappuccino,545,Branch6
ICY_Lite,632,Branch6
MED_cappuccino,807,Branch8
Cold_cappuccino,122,Branch7
LARGE_MOCHA,825,Branch4
SMALL_LATTE,160,Branch6
Triple_LATTE,903,Branch2
Special_cappuccino,318,Branch5
Mild_LATTE,185,Branch5
Double_Espresso,956,Branch3
ICY_cappuccino,427,Branch5
MED_Espresso,406,Branch9
Cold_Espresso,365,Branch9
LARGE_cappuccino,284,Branch3
SMALL_Coffee,123,Branch2
Triple_Coffee,838,Branch5
Special_LATTE,197,Branch7
Mild_Coffee,988,Branch3
Double_Lite,499,Branch5
ICY_LATTE,558,Branch8
MED_Lite,677,Branch1
Cold_Lite,916,Branch3
LARGE_Espresso,359,Branch1
SMALL_MOCHA,282,Branch8
Triple_MOCHA,129,Branch2
Special_Coffee,860,Branch3
Mild_MOCHA,251,Branch5
Double_cappuccino,70,Branch3
ICY_Coffee,745,Branch5
MED_cappuccino,24,Branch9
Cold_cappuccino,655,Branch5
LARGE_Lite,882,Branch8
SMALL_cappuccino,301,Branch6
Triple_cappuccino,176,Branch7
Special_MOCHA,963,Branch6
Mild_cappuccino,466,Branch5
Double_LATTE,509,Branch7
ICY_MOCHA,596,Branch5
MED_LATTE,771,Branch3
Cold_LATTE,86,Branch2
LARGE_cappuccino,789,Branch6
SMALL_Espresso,124,Branch2
Triple_Espresso,867,Branch5
Special_cappuccino,282,Branch8
Mild_Espresso,149,Branch3
Double_Coffee,920,Branch8
ICY_cappuccino,391,Branch5
MED_Coffee,370,Branch5
Cold_Coffee,329,Branch4
LARGE_LATTE,248,Branch6
SMALL_Lite,87,Branch3
Triple_Lite,802,Branch5
Special_Espresso,161,Branch7
Mild_Lite,952,Branch8
Double_MOCHA,463,Branch5
ICY_Espresso,522,Branch4
MED_MOCHA,641,Branch5
Cold_MOCHA,880,Branch2
LARGE_Coffee,323,Branch7
SMALL_cappuccino,246,Branch6
Triple_cappuccino,93,Branch1
Special_Lite,824,Branch8
Mild_cappuccino,215,Branch9
Double_cappuccino,34,Branch2
ICY_Lite,709,Branch4
MED_cappuccino,1024,Branch4
Cold_cappuccino,619,Branch8
LARGE_MOCHA,846,Branch8
SMALL_LATTE,265,Branch3
Triple_LATTE,140,Branch5
Special_cappuccino,927,Branch8
Mild_LATTE,430,Branch8
Double_Espresso,473,Branch4
ICY_cappuccino,560,Branch6
MED_Espresso,735,Branch3
Cold_Espresso,50,Branch5
LARGE_cappuccino,753,Branch6
SMALL_Coffee,88,Branch2
Triple_Coffee,831,Branch4
Special_LATTE,246,Branch8
Mild_Coffee,113,Branch7
Double_Lite,884,Branch1
ICY_LATTE,355,Branch5
MED_Lite,334,Branch3
Cold_Lite,293,Branch6
LARGE_Espresso,212,Branch5
SMALL_MOCHA,51,Branch7
Triple_MOCHA,766,Branch5
Special_Coffee,125,Branch8
Mild_MOCHA,916,Branch2
Double_cappuccino,427,Branch3
ICY_Coffee,486,Branch8
MED_cappuccino,605,Branch1
Cold_cappuccino,844,Branch8
LARGE_Lite,287,Branch8
SMALL_cappuccino,210,Branch4
Triple_cappuccino,57,Branch7
Special_MOCHA,788,Branch3
Mild_cappuccino,179,Branch2
Double_LATTE,1034,Branch6
ICY_MOCHA,673,Branch2
MED_LATTE,988,Branch5
Cold_LATTE,583,Branch5
LARGE_cappuccino,810,Branch5
SMALL_Espresso,229,Branch6
Triple_Espresso,104,Branch7
Special_cappuccino,891,Branch7
Mild_Espresso,394,Branch7
Double_Coffee,437,Branch6
ICY_cappuccino,524,Branch8
MED_Coffee,699,Branch5
Cold_Coffee,1050,Branch6
LARGE_LATTE,717,Branch9
SMALL_Lite,52,Branch3
Triple_Lite,795,Branch5
Special_Espresso,210,Branch5
Mild_Lite,77,Branch1
Double_MOCHA,848,Branch7
ICY_Espresso,319,Branch4
MED_MOCHA,298,Branch6
Cold_MOCHA,257,Branch7
LARGE_Coffee,176,Branch6
SMALL_cappuccino,1051,Branch6
Triple_cappuccino,730,Branch3
Special_Lite,89,Branch8
Mild_cappuccino,880,Branch9
Double_cappuccino,391,Branch3
ICY_Lite,450,Branch1
MED_cappuccino,569,Branch8
Cold_cappuccino,808,Branch5
LARGE_MOCHA,251,Branch5
SMALL_LATTE,174,Branch8
Triple_LATTE,22,Branch3
Special_cappuccino,754,Branch3
Mild_LATTE,147,Branch8
Double_Espresso,1006,Branch7
ICY_cappuccino,653,Branch9
MED_Espresso,984,Branch2
Cold_Espresso,611,Branch9
LARGE_cappuccino,902,Branch1
SMALL_Coffee,449,Branch6
Triple_Coffee,580,Branch7
Special_LATTE,843,Branch4
Mild_Coffee,334,Branch1
Double_Lite,353,Branch2
ICY_LATTE,392,Branch3
MED_Lite,471,Branch2
Cold_Lite,630,Branch8
LARGE_Espresso,949,Branch2
SMALL_MOCHA,552,Branch9
Triple_MOCHA,795,Branch5
Special_Coffee,246,Branch8
Mild_MOCHA,185,Branch2
Double_cappuccino,64,Branch8
ICY_Coffee,859,Branch7
MED_cappuccino,378,Branch5
Cold_cappuccino,453,Branch6
LARGE_Lite,604,Branch5
SMALL_cappuccino,907,Branch3
Triple_cappuccino,478,Branch1
Special_MOCHA,657,Branch5
Mild_cappuccino,1016,Branch8
Double_LATTE,699,Branch4
ICY_MOCHA,66,Branch2
MED_LATTE,873,Branch8
Cold_LATTE,416,Branch9
LARGE_cappuccino,539,Branch5
SMALL_Espresso,786,Branch3
Triple_Espresso,245,Branch7
Special_cappuccino,200,Branch3
Mild_Espresso,111,Branch1
Double_Coffee,970,Branch6
ICY_cappuccino,617,Branch6
MED_Coffee,948,Branch7
Cold_Coffee,575,Branch5
LARGE_LATTE,866,Branch7
SMALL_Lite,413,Branch3
Triple_Lite,544,Branch9
Special_Espresso,807,Branch6
Mild_Lite,298,Branch6
Double_MOCHA,317,Branch8
ICY_Espresso,356,Branch8
MED_MOCHA,435,Branch8
Cold_MOCHA,594,Branch5
LARGE_Coffee,913,Branch6
SMALL_cappuccino,516,Branch5
Triple_cappuccino,759,Branch2
Special_Lite,210,Branch6
Mild_cappuccino,149,Branch2
Double_cappuccino,28,Branch5
ICY_Lite,823,Branch8
MED_cappuccino,342,Branch6
Cold_cappuccino,417,Branch4
LARGE_MOCHA,568,Branch3
SMALL_LATTE,871,Branch5
Triple_LATTE,442,Branch1
Special_cappuccino,621,Branch5
Mild_LATTE,980,Branch6
Double_Espresso,663,Branch4
ICY_cappuccino,30,Branch3
MED_Espresso,837,Branch6
Cold_Espresso,380,Branch6
LARGE_cappuccino,503,Branch8
SMALL_Coffee,750,Branch7
Triple_Coffee,209,Branch4
Special_LATTE,164,Branch6
Mild_Coffee,75,Branch2
Double_Lite,934,Branch5
ICY_LATTE,581,Branch5
MED_Lite,912,Branch3
Cold_Lite,539,Branch5
LARGE_Espresso,830,Branch9
SMALL_MOCHA,377,Branch9
Triple_MOCHA,508,Branch3
Special_Coffee,771,Branch2
Mild_MOCHA,262,Branch5
Double_cappuccino,281,Branch7
ICY_Coffee,320,Branch3
MED_cappuccino,399,Branch5
Cold_cappuccino,558,Branch8
LARGE_Lite,877,Branch1
SMALL_cappuccino,480,Branch3
Triple_cappuccino,723,Branch1
Special_MOCHA,174,Branch8
Mild_cappuccino,113,Branch2
Double_LATTE,1028,Branch3
ICY_MOCHA,787,Branch5
MED_LATTE,306,Branch3
Cold_LATTE,381,Branch5
LARGE_cappuccino,532,Branch9
SMALL_Espresso,835,Branch5
Triple_Espresso,406,Branch8
Special_cappuccino,585,Branch6
Mild_Espresso,944,Branch7
Double_Coffee,627,Branch6
ICY_cappuccino,1030,Branch5
MED_Coffee,801,Branch7
Cold_Coffee,344,Branch5
LARGE_LATTE,467,Branch3
SMALL_Lite,714,Branch2
Triple_Lite,173,Branch6
Special_Espresso,128,Branch2
Mild_Lite,39,Branch5
Double_MOCHA,898,Branch8
ICY_Espresso,545,Branch3
MED_MOCHA,876,Branch8
Cold_MOCHA,503,Branch5
LARGE_Coffee,794,Branch5
SMALL_cappuccino,341,Branch4
Triple_cappuccino,472,Branch6
Special_Lite,735,Branch3
Mild_cappuccino,226,Branch5
Double_cappuccino,245,Branch7
ICY_Lite,284,Branch8
MED_cappuccino,363,Branch5
Cold_cappuccino,522,Branch4
LARGE_MOCHA,841,Branch5
SMALL_LATTE,444,Branch2
Triple_LATTE,687,Branch7
Special_cappuccino,138,Branch6
Mild_LATTE,77,Branch1
Double_Espresso,992,Branch8
ICY_cappuccino,751,Branch9
MED_Espresso,270,Branch2
Cold_Espresso,345,Branch4
LARGE_cappuccino,496,Branch4
SMALL_Coffee,799,Branch8
Triple_Coffee,370,Branch8
Special_LATTE,549,Branch3
Mild_Coffee,908,Branch5
Double_Lite,591,Branch8
ICY_LATTE,994,Branch8
MED_Lite,765,Branch4
Cold_Lite,308,Branch6
LARGE_Espresso,431,Branch3
SMALL_MOCHA,678,Branch5
Triple_MOCHA,137,Branch6
Special_Coffee,92,Branch2
Mild_MOCHA,1039,Branch4
Double_cappuccino,862,Branch8
ICY_Coffee,509,Branch7
MED_cappuccino,840,Branch1
Cold_cappuccino,467,Branch5
LARGE_Lite,758,Branch3
SMALL_cappuccino,305,Branch6
Triple_cappuccino,436,Branch5
Special_MOCHA,699,Branch7
Mild_cappuccino,190,Branch5
Double_LATTE,209,Branch8
ICY_MOCHA,248,Branch2
MED_LATTE,327,Branch3
Cold_LATTE,486,Branch8
LARGE_cappuccino,805,Branch1
SMALL_Espresso,408,Branch8
Triple_Espresso,651,Branch8
Special_cappuccino,102,Branch4
Mild_Espresso,41,Branch7
Double_Coffee,956,Branch3
ICY_cappuccino,715,Branch2
MED_Coffee,234,Branch6
Cold_Coffee,309,Branch2
LARGE_LATTE,460,Branch5
SMALL_Lite,763,Branch5
Triple_Lite,334,Branch5
Special_Espresso,513,Branch6
Mild_Lite,872,Branch7
Double_MOCHA,555,Branch7
ICY_Espresso,958,Branch7
MED_MOCHA,729,Branch6
Cold_MOCHA,272,Branch8
LARGE_Coffee,395,Branch5
SMALL_cappuccino,642,Branch6
Triple_cappuccino,101,Branch9
Special_Lite,56,Branch3
Mild_cappuccino,1003,Branch5
Double_cappuccino,826,Branch5
ICY_Lite,473,Branch1
MED_cappuccino,804,Branch7
Cold_cappuccino,431,Branch4
LARGE_MOCHA,722,Branch6
SMALL_LATTE,269,Branch7
Triple_LATTE,400,Branch6
Special_cappuccino,663,Branch6
Mild_LATTE,154,Branch3
Double_Espresso,173,Branch8
ICY_cappuccino,212,Branch9
MED_Espresso,291,Branch3
Cold_Espresso,450,Branch1
LARGE_cappuccino,769,Branch8
SMALL_Coffee,372,Branch5
Triple_Coffee,615,Branch5
Special_LATTE,66,Branch8
Mild_Coffee,1041,Branch3
Double_Lite,920,Branch3
ICY_LATTE,679,Branch8
MED_Lite,198,Branch7
Cold_Lite,273,Branch9
LARGE_Espresso,424,Branch2
SMALL_MOCHA,727,Branch9
Triple_MOCHA,298,Branch1
Special_Coffee,477,Branch6
Mild_MOCHA,836,Branch7
Double_cappuccino,519,Branch4
ICY_Coffee,922,Branch1
MED_cappuccino,693,Branch2
Cold_cappuccino,236,Branch3
LARGE_Lite,359,Branch2
SMALL_cappuccino,606,Branch8
Triple_cappuccino,65,Branch2
Special_MOCHA,20,Branch9
Mild_cappuccino,967,Branch5
Double_LATTE,790,Branch8
ICY_MOCHA,437,Branch2
MED_LATTE,768,Branch8
Cold_LATTE,395,Branch7
LARGE_cappuccino,686,Branch5
SMALL_Espresso,233,Branch6
Triple_Espresso,364,Branch5
Special_cappuccino,627,Branch3
Mild_Espresso,118,Branch1
Double_Coffee,137,Branch5
ICY_cappuccino,176,Branch8
MED_Coffee,255,Branch4
Cold_Coffee,414,Branch2
LARGE_LATTE,733,Branch8
SMALL_Lite,336,Branch9
Triple_Lite,579,Branch5
Special_Espresso,30,Branch3
Mild_Lite,1005,Branch7
Double_MOCHA,884,Branch3
ICY_Espresso,643,Branch1
MED_MOCHA,162,Branch6
Cold_MOCHA,237,Branch6
LARGE_Coffee,388,Branch7
SMALL_cappuccino,691,Branch5
Triple_cappuccino,262,Branch7
Special_Lite,441,Branch3
Mild_cappuccino,800,Branch9
Double_cappuccino,483,Branch6
ICY_Lite,886,Branch6
MED_cappuccino,657,Branch8
Cold_cappuccino,200,Branch8
LARGE_MOCHA,323,Branch8
SMALL_LATTE,570,Branch5
Triple_LATTE,29,Branch6
Special_cappuccino,1020,Branch5
Mild_LATTE,931,Branch2
Double_Espresso,754,Branch6
ICY_cappuccino,401,Branch2
MED_Espresso,732,Branch5
Cold_Espresso,359,Branch8
LARGE_cappuccino,650,Branch6
SMALL_Coffee,197,Branch4
Triple_Coffee,328,Branch3
Special_LATTE,591,Branch5
Mild_Coffee,82,Branch1
Double_Lite,101,Branch5
ICY_LATTE,140,Branch6
MED_Lite,219,Branch4
Cold_Lite,378,Branch3
LARGE_Espresso,697,Branch6
SMALL_MOCHA,300,Branch6
Triple_MOCHA,543,Branch8
Special_Coffee,1030,Branch7
Mild_MOCHA,969,Branch4
Double_cappuccino,848,Branch6
ICY_Coffee,607,Branch2
MED_cappuccino,126,Branch5
Cold_cappuccino,201,Branch5
LARGE_Lite,352,Branch3
SMALL_cappuccino,655,Branch5
Triple_cappuccino,226,Branch9
Special_MOCHA,405,Branch9
Mild_cappuccino,764,Branch3
Double_LATTE,447,Branch2
ICY_MOCHA,850,Branch5
MED_LATTE,621,Branch7
Cold_LATTE,164,Branch3
LARGE_cappuccino,287,Branch5
SMALL_Espresso,534,Branch8
Triple_Espresso,1029,Branch1
Special_cappuccino,984,Branch3
Mild_Espresso,895,Branch1
Double_Coffee,718,Branch8
ICY_cappuccino,365,
MED_Coffee,696,
Cold_Coffee,323,
LARGE_LATTE,614,
SMALL_Lite,161,
Triple_Lite,292,
Special_Espresso,555,
Mild_Lite,46,
Double_MOCHA,65,
ICY_Espresso,104,
MED_MOCHA,183,
Cold_MOCHA,342,
LARGE_Coffee,661,
SMALL_cappuccino,264,
Triple_cappuccino,507,
Special_Lite,994,
Mild_cappuccino,933,
Double_cappuccino,812,
ICY_Lite,571,
MED_cappuccino,90,
Cold_cappuccino,165,
LARGE_MOCHA,316,
SMALL_LATTE,619,
Triple_LATTE,190,
Special_cappuccino,369,
Mild_LATTE,728,
Double_Espresso,411,
ICY_cappuccino,814,
MED_Espresso,585,
Cold_Espresso,128,
LARGE_cappuccino,251,
SMALL_Coffee,498,
Triple_Coffee,993,
Special_LATTE,948,
Mild_Coffee,859,
Double_Lite,682,
ICY_LATTE,329,
MED_Lite,660,
Cold_Lite,287,
LARGE_Espresso,578,
SMALL_MOCHA,125,
Triple_MOCHA,256,
Special_Coffee,519,
Mild_MOCHA,1046,
Double_cappuccino,29,
ICY_Coffee,68,
MED_cappuccino,147,
Cold_cappuccino,306,
LARGE_Lite,625,
SMALL_cappuccino,228,
Triple_cappuccino,471,
Special_MOCHA,958,
Mild_cappuccino,897,
Double_LATTE,776,
ICY_MOCHA,535,
MED_LATTE,54,
Cold_LATTE,129,
LARGE_cappuccino,280,
SMALL_Espresso,583,
Triple_Espresso,154,
Special_cappuccino,333,
Mild_Espresso,692,
Double_Coffee,375,
ICY_cappuccino,778,
MED_Coffee,549,
Cold_Coffee,92,
LARGE_LATTE,215,
SMALL_Lite,462,
Triple_Lite,957,
Special_Espresso,912,
Mild_Lite,823,
Double_MOCHA,646,
ICY_Espresso,293,
MED_MOCHA,624,
Cold_MOCHA,251,
LARGE_Coffee,542,
SMALL_cappuccino,89,
Triple_cappuccino,220,
Special_Lite,483,
Mild_cappuccino,1010,
Double_cappuccino,1029,
ICY_Lite,32,
MED_cappuccino,111,
Cold_cappuccino,270,
LARGE_MOCHA,589,
SMALL_LATTE,192,
Triple_LATTE,435,
Special_cappuccino,922,
Mild_LATTE,861,
Double_Espresso,740,
ICY_cappuccino,499,
MED_Espresso,18,
Cold_Espresso,93,
LARGE_cappuccino,244,
SMALL_Coffee,547,
Triple_Coffee,118,
Special_LATTE,297,
Mild_Coffee,656,
Double_Lite,339,
ICY_LATTE,742,
MED_Lite,513,
Cold_Lite,56,
LARGE_Espresso,179,
SMALL_MOCHA,426,
Triple_MOCHA,921,
Special_Coffee,876,
Mild_MOCHA,787,
Double_cappuccino,610,
ICY_Coffee,257,
MED_cappuccino,588,
Cold_cappuccino,215,
LARGE_Lite,506,
SMALL_cappuccino,53,
Triple_cappuccino,184,
Special_MOCHA,447,
Mild_cappuccino,974,
Double_LATTE,993,
ICY_MOCHA,1032,
MED_LATTE,75,
Cold_LATTE,234,
LARGE_cappuccino,553,
SMALL_Espresso,156,
Triple_Espresso,399,
Special_cappuccino,886,
Mild_Espresso,825,
Double_Coffee,704,
ICY_cappuccino,463,
MED_Coffee,1018,
Cold_Coffee,57,
LARGE_LATTE,208,
SMALL_Lite,511,
Triple_Lite,82,
Special_Espresso,261,
Mild_Lite,620,
Double_MOCHA,303,
ICY_Espresso,706,
MED_MOCHA,477,
Cold_MOCHA,20,
LARGE_Coffee,143,
SMALL_cappuccino,390,
Triple_cappuccino,885,
Special_Lite,840,
Mild_cappuccino,751,
Double_cappuccino,574,
ICY_Lite,221,
MED_cappuccino,552,
Cold_cappuccino,179,
LARGE_MOCHA,470,
SMALL_LATTE,17,
Triple_LATTE,148,
Special_cappuccino,411,
Mild_LATTE,938,
Double_Espresso,957,
ICY_cappuccino,996,
MED_Espresso,39,
Cold_Espresso,198,
LARGE_cappuccino,517,
SMALL_Coffee,120,
Triple_Coffee,363,
Special_LATTE,850,
Mild_Coffee,789,
Double_Lite,668,
ICY_LATTE,427,
MED_Lite,982,
Cold_Lite,22,
LARGE_Espresso,174,
SMALL_MOCHA,479,
Triple_MOCHA,54,
Special_Coffee,241,
Mild_MOCHA,616,
Double_cappuccino,331,
ICY_Coffee,798,
MED_cappuccino,697,
Cold_cappuccino,496,
LARGE_Lite,95,
SMALL_cappuccino,330,
Triple_cappuccino,801,
Special_MOCHA,708,
Mild_cappuccino,523,
Double_LATTE,154,
ICY_MOCHA,453,
MED_LATTE,1052,
Cold_LATTE,179,
LARGE_cappuccino,506,
SMALL_Espresso,125,
Triple_Espresso,400,
Special_cappuccino,951,
Mild_Espresso,1018,
Double_Coffee,117,
ICY_cappuccino,388,
MED_Coffee,931,
Cold_Coffee,982,
LARGE_LATTE,49,
SMALL_Lite,256,
Triple_Lite,671,
Special_Espresso,466,
Mild_Lite,57,
Double_MOCHA,276,
ICY_Espresso,715,
MED_MOCHA,558,
Cold_MOCHA,245,
LARGE_Coffee,656,
SMALL_cappuccino,443,
Triple_cappuccino,18,
Special_Lite,205,
Mild_cappuccino,580,
Double_cappuccino,295,
ICY_Lite,762,
MED_cappuccino,661,
Cold_cappuccino,460,
LARGE_MOCHA,59,
SMALL_LATTE,294,
Triple_LATTE,765,
Special_cappuccino,672,
Mild_LATTE,487,
Double_Espresso,118,
ICY_cappuccino,417,
MED_Espresso,1016,
Cold_Espresso,143,
LARGE_cappuccino,470,
SMALL_Coffee,89,
Triple_Coffee,364,
Special_LATTE,915,
Mild_Coffee,982,
Double_Lite,81,
ICY_LATTE,352,
MED_Lite,895,
Cold_Lite,946,
LARGE_Espresso,1049,
SMALL_MOCHA,220,
Triple_MOCHA,635,
Special_Coffee,430,
Mild_MOCHA,22,
Double_cappuccino,242,
ICY_Coffee,683,
MED_cappuccino,530,
Cold_cappuccino,225,
LARGE_Lite,652,
SMALL_cappuccino,471,
Triple_cappuccino,110,
Special_MOCHA,425,
Mild_cappuccino,20,
Double_LATTE,247,
ICY_MOCHA,702,
MED_LATTE,577,
Cold_LATTE,328,
LARGE_cappuccino,867,
SMALL_Espresso,910,
Triple_Espresso,997,
Special_cappuccino,136,
Mild_Espresso,487,
Double_Coffee,154,
ICY_cappuccino,525,
MED_Coffee,232,
Cold_Coffee,683,
LARGE_LATTE,550,
SMALL_Lite,285,
Triple_Lite,792,
Special_Espresso,771,
Mild_Lite,730,
Double_MOCHA,649,
ICY_Espresso,488,
MED_MOCHA,167,
Cold_MOCHA,562,
LARGE_Coffee,317,
SMALL_cappuccino,864,
Triple_cappuccino,923,
Special_Lite,1042,
Mild_cappuccino,245,
Double_cappuccino,724,
ICY_Lite,647,
MED_cappuccino,494,
Cold_cappuccino,189,
LARGE_MOCHA,616,
SMALL_LATTE,435,
Triple_LATTE,74,
Special_cappuccino,389,
Mild_LATTE,1020,
Double_Espresso,211,
ICY_cappuccino,666,
MED_Espresso,541,
Cold_Espresso,292,
LARGE_cappuccino,831,
SMALL_Coffee,874,
Triple_Coffee,961,
Special_LATTE,100,
Mild_Coffee,451,
Double_Lite,118,
ICY_LATTE,489,
MED_Lite,196,
Cold_Lite,647,
LARGE_Espresso,514,
SMALL_MOCHA,249,
Triple_MOCHA,756,
Special_Coffee,735,
Mild_MOCHA,694,
Double_cappuccino,613,
ICY_Coffee,452,
MED_cappuccino,131,
Cold_cappuccino,526,
LARGE_Lite,281,
SMALL_cappuccino,828,
Triple_cappuccino,887,
Special_MOCHA,1006,
Mild_cappuccino,209,
Double_LATTE,688,
ICY_MOCHA,611,
MED_LATTE,458,
Cold_LATTE,153,
LARGE_cappuccino,580,
SMALL_Espresso,399,
Triple_Espresso,38,
Special_cappuccino,353,
Mild_Espresso,984,
Double_Coffee,175,
ICY_cappuccino,630,
MED_Coffee,505,
Cold_Coffee,256,
LARGE_LATTE,795,
SMALL_Lite,838,
Triple_Lite,925,
Special_Espresso,64,
Mild_Lite,415,
Double_MOCHA,82,
ICY_Espresso,453,
MED_MOCHA,160,
Cold_MOCHA,611,
LARGE_Coffee,478,
SMALL_cappuccino,213,
Triple_cappuccino,720,
Special_Lite,699,
Mild_cappuccino,658,
Double_cappuccino,577,
ICY_Lite,416,
MED_cappuccino,95,
Cold_cappuccino,490,
LARGE_MOCHA,245,
SMALL_LATTE,792,
Triple_LATTE,851,
Special_cappuccino,970,
Mild_LATTE,173,
Double_Espresso,652,
ICY_cappuccino,575,
MED_Espresso,422,
Cold_Espresso,117,
LARGE_cappuccino,544,
SMALL_Coffee,363,
Triple_Coffee,1038,
Special_LATTE,317,
Mild_Coffee,948,
Double_Lite,139,
ICY_LATTE,594,
MED_Lite,469,
Cold_Lite,220,
LARGE_Espresso,759,
SMALL_MOCHA,802,
Triple_MOCHA,889,
Special_Coffee,28,
Mild_MOCHA,379,
Double_cappuccino,46,
ICY_Coffee,417,
MED_cappuccino,124,
Cold_cappuccino,575,
LARGE_Lite,442,
SMALL_cappuccino,177,
Triple_cappuccino,684,
Special_MOCHA,663,
Mild_cappuccino,622,
Double_LATTE,541,
ICY_MOCHA,380,
MED_LATTE,59,
Cold_LATTE,454,
LARGE_cappuccino,209,
SMALL_Espresso,756,
Triple_Espresso,815,
Special_cappuccino,934,
Mild_Espresso,137,
Double_Coffee,616,
ICY_cappuccino,539,
MED_Coffee,386,
Cold_Coffee,81,
LARGE_LATTE,508,
SMALL_Lite,327,
Triple_Lite,1002,
Special_Espresso,281,
Mild_Lite,912,
Double_MOCHA,103,
ICY_Espresso,558,
MED_MOCHA,433,
Cold_MOCHA,184,
LARGE_Coffee,723,
SMALL_cappuccino,766,
Triple_cappuccino,853,
Special_Lite,1028,
Mild_cappuccino,343,
Double_cappuccino,1046,
ICY_Lite,381,
MED_cappuccino,88,
Cold_cappuccino,539,
LARGE_MOCHA,406,
SMALL_LATTE,141,
Triple_LATTE,648,
Special_cappuccino,627,
Mild_LATTE,586,
Double_Espresso,505,
ICY_cappuccino,344,
MED_Espresso,23,
Cold_Espresso,418,
LARGE_cappuccino,173,
SMALL_Coffee,720,
Triple_Coffee,779,
Special_LATTE,898,
Mild_Coffee,101,
Double_Lite,580,
ICY_LATTE,503,
MED_Lite,350,
Cold_Lite,45,
LARGE_Espresso,472,
SMALL_MOCHA,291,
Triple_MOCHA,966,
Special_Coffee,245,
Mild_MOCHA,876,
Double_cappuccino,67,
ICY_Coffee,522,
MED_cappuccino,397,
Cold_cappuccino,148,
LARGE_Lite,687,
SMALL_cappuccino,730,
Triple_cappuccino,817,
Special_MOCHA,992,
Mild_cappuccino,307,
Double_LATTE,1010,
ICY_MOCHA,345,
MED_LATTE,52,
Cold_LATTE,503,
LARGE_cappuccino,370,
SMALL_Espresso,105,
Triple_Espresso,612,
Special_cappuccino,591,
Mild_Espresso,550,
Double_Coffee,469,
ICY_cappuccino,308,
MED_Coffee,1023,
Cold_Coffee,382,
LARGE_LATTE,137,
SMALL_Lite,684,
Triple_Lite,743,
Special_Espresso,862,
Mild_Lite,65,
Double_MOCHA,544,
ICY_Espresso,467,
MED_MOCHA,314,
Cold_MOCHA,1045,
LARGE_Coffee,436,
SMALL_cappuccino,255,
Triple_cappuccino,930,
Special_Lite,209,
Mild_cappuccino,840,
Double_cappuccino,31,
ICY_Lite,486,
MED_cappuccino,361,
Cold_cappuccino,112,
LARGE_MOCHA,651,
SMALL_LATTE,694,
Triple_LATTE,781,
Special_cappuccino,956,
Mild_LATTE,271,
Double_Espresso,974,
ICY_cappuccino,309,
MED_Espresso,1052,
Cold_Espresso,467,
LARGE_cappuccino,334,
SMALL_Coffee,69,
Triple_Coffee,576,
Special_LATTE,555,
Mild_Coffee,514,
Double_Lite,433,
ICY_LATTE,272,
MED_Lite,987,
Cold_Lite,346,
LARGE_Espresso,101,
SMALL_MOCHA,648,
Triple_MOCHA,707,
Special_Coffee,826,
Mild_MOCHA,29,
Double_cappuccino,508,
ICY_Coffee,431,
MED_cappuccino,278,
Cold_cappuccino,1009,
LARGE_Lite,400,
SMALL_cappuccino,219,
Triple_cappuccino,894,
Special_MOCHA,173,
Mild_cappuccino,804,
Double_LATTE,1031,
ICY_MOCHA,450,
MED_LATTE,325,
Cold_LATTE,76,
LARGE_cappuccino,615,
SMALL_Espresso,658,
Triple_Espresso,745,
Special_cappuccino,920,
Mild_Espresso,235,
Double_Coffee,938,
ICY_cappuccino,273,
MED_Coffee,1016,
Cold_Coffee,431,
LARGE_LATTE,298,
SMALL_Lite,33,
Triple_Lite,540,
Special_Espresso,519,
Mild_Lite,478,
Double_MOCHA,397,
ICY_Espresso,236,
MED_MOCHA,951,
Cold_MOCHA,310,
LARGE_Coffee,65,
SMALL_cappuccino,612,
Triple_cappuccino,671,
Special_Lite,790,
Mild_cappuccino,1029,
Double_cappuccino,472,
ICY_Lite,395,
MED_cappuccino,242,
Cold_cappuccino,973,
LARGE_MOCHA,364,
SMALL_LATTE,183,
Triple_LATTE,858,
Special_cappuccino,137,
Mild_LATTE,768,
Double_Espresso,995,
ICY_cappuccino,414,
MED_Espresso,289,
Cold_Espresso,40,
LARGE_cappuccino,579,
SMALL_Coffee,622,
Triple_Coffee,709,
Special_LATTE,884,
Mild_Coffee,199,
Double_Lite,902,
ICY_LATTE,237,
MED_Lite,980,
Cold_Lite,395,
LARGE_Espresso,262,
SMALL_MOCHA,1033,
Triple_MOCHA,504,
Special_Coffee,483,
Mild_MOCHA,442,
Double_cappuccino,361,
ICY_Coffee,200,
MED_cappuccino,915,
Cold_cappuccino,274,
LARGE_Lite,29,
SMALL_cappuccino,576,
Triple_cappuccino,635,
Special_MOCHA,754,
Mild_cappuccino,993,
Double_LATTE,436,
ICY_MOCHA,359,
MED_LATTE,206,
Cold_LATTE,937,
LARGE_cappuccino,328,
SMALL_Espresso,147,
Triple_Espresso,822,
Special_cappuccino,101,
Mild_Espresso,732,
Double_Coffee,959,
ICY_cappuccino,378,
MED_Coffee,253,
Cold_Coffee,1040,
LARGE_LATTE,543,
SMALL_Lite,586,
Triple_Lite,673,
Special_Espresso,848,
Mild_Lite,163,
Double_MOCHA,866,
ICY_Espresso,201,
MED_MOCHA,944,
Cold_MOCHA,359,
LARGE_Coffee,226,
SMALL_cappuccino,997,
Triple_cappuccino,468,
Special_Lite,447,
Mild_cappuccino,406,
Double_cappuccino,325,
ICY_Lite,164,
MED_cappuccino,879,
Cold_cappuccino,238,
LARGE_MOCHA,1029,
SMALL_LATTE,540,
Triple_LATTE,599,
Special_cappuccino,718,
Mild_LATTE,957,
Double_Espresso,400,
ICY_cappuccino,323,
MED_Espresso,170,
Cold_Espresso,901,
LARGE_cappuccino,292,
SMALL_Coffee,111,
Triple_Coffee,786,
Special_LATTE,65,
Mild_Coffee,696,
Double_Lite,923,
ICY_LATTE,342,
MED_Lite,217,
Cold_Lite,1004,
LARGE_Espresso,507,
SMALL_MOCHA,550,
Triple_MOCHA,637,
Special_Coffee,812,
Mild_MOCHA,127,
Double_cappuccino,830,
ICY_Coffee,165,
MED_cappuccino,908,
Cold_cappuccino,323,
LARGE_Lite,190,
SMALL_cappuccino,961,
Triple_cappuccino,432,
Special_MOCHA,411,
Mild_cappuccino,370,
Double_LATTE,289,
ICY_MOCHA,128,
MED_LATTE,843,
Cold_LATTE,202,
LARGE_cappuccino,993,
SMALL_Espresso,504,
Triple_Espresso,563,
Special_cappuccino,682,
Mild_Espresso,921,
Double_Coffee,364,
ICY_cappuccino,287,
MED_Coffee,134,
Cold_Coffee,865,
LARGE_LATTE,256,
SMALL_Lite,75,
Triple_Lite,750,
Special_Espresso,29,
Mild_Lite,660,
Double_MOCHA,887,
ICY_Espresso,306,
MED_MOCHA,181,
Cold_MOCHA,968,
LARGE_Coffee,471,
SMALL_cappuccino,514,
Triple_cappuccino,601,
Special_Lite,776,
Mild_cappuccino,91,
Double_cappuccino,794,
ICY_Lite,129,
MED_cappuccino,872,
Cold_cappuccino,287,
LARGE_MOCHA,154,
SMALL_LATTE,925,
Triple_LATTE,396,
Special_cappuccino,375,
Mild_LATTE,334,
Double_Espresso,253,
ICY_cappuccino,92,
MED_Espresso,807,
Cold_Espresso,166,
LARGE_cappuccino,957,
SMALL_Coffee,468,
Triple_Coffee,527,
Special_LATTE,646,
Mild_Coffee,885,
Double_Lite,328,
ICY_LATTE,251,
MED_Lite,98,
Cold_Lite,829,
LARGE_Espresso,220,
SMALL_MOCHA,39,
Triple_MOCHA,714,
Special_Coffee,1029,
Mild_MOCHA,624,
Double_cappuccino,851,
ICY_Coffee,270,
MED_cappuccino,145,
Cold_cappuccino,932,
LARGE_Lite,435,
SMALL_cappuccino,478,
Triple_cappuccino,565,
Special_MOCHA,740,
Mild_cappuccino,55,
Double_LATTE,758,
ICY_MOCHA,93,
MED_LATTE,836,
Cold_LATTE,251,
LARGE_cappuccino,118,
SMALL_Espresso,889,
Triple_Espresso,360,
Special_cappuccino,339,
Mild_Espresso,298,
Double_Coffee,217,
ICY_cappuccino,56,
MED_Coffee,771,
Cold_Coffee,130,
LARGE_LATTE,921,
SMALL_Lite,432,
Triple_Lite,491,
Special_Espresso,610,
Mild_Lite,849,
Double_MOCHA,292,
ICY_Espresso,215,
MED_MOCHA,62,
Cold_MOCHA,793,
LARGE_Coffee,184,
SMALL_cappuccino,1039,
Triple_cappuccino,678,
Special_Lite,993,
Mild_cappuccino,588,
Double_cappuccino,815,
ICY_Lite,234,
MED_cappuccino,109,
Cold_cappuccino,896,
LARGE_MOCHA,399,
SMALL_LATTE,442,
Triple_LATTE,529,
Special_cappuccino,704,
Mild_LATTE,19,
Double_Espresso,722,
ICY_cappuccino,57,
MED_Espresso,800,
Cold_Espresso,215,
LARGE_cappuccino,82,
SMALL_Coffee,853,
Triple_Coffee,324,
Special_LATTE,303,
Mild_Coffee,262,
Double_Lite,181,
ICY_LATTE,20,
MED_Lite,735,
Cold_Lite,94,
LARGE_Espresso,885,
SMALL_MOCHA,396,
Triple_MOCHA,455,
Special_Coffee,574,
Mild_MOCHA,813,
Double_cappuccino,256,
ICY_Coffee,179,
MED_cappuccino,26,
Cold_cappuccino,757,
LARGE_Lite,148,
SMALL_cappuccino,1003,
Triple_cappuccino,642,
Special_MOCHA,957,
Mild_cappuccino,552,
Double_LATTE,779,
ICY_MOCHA,198,
MED_LATTE,73,
Cold_LATTE,860,
LARGE_cappuccino,363,
SMALL_Espresso,406,
Triple_Espresso,493,
Special_cappuccino,668,
Mild_Espresso,1019,
Double_Coffee,686,
ICY_cappuccino,22,
MED_Coffee,766,
Cold_Coffee,183,
LARGE_LATTE,54,
SMALL_Lite,833,
Triple_Lite,320,
Special_Espresso,331,
Mild_Lite,354,
Double_MOCHA,401,
ICY_Espresso,496,
MED_MOCHA,687,
Cold_MOCHA,34,
LARGE_Coffee,801,
SMALL_cappuccino,264,
Triple_cappuccino,227,
Special_Lite,154,
Mild_cappuccino,1045,
Double_cappuccino,756,
ICY_Lite,179,
MED_cappuccino,62,
Cold_cappuccino,865,
LARGE_MOCHA,400,
SMALL_LATTE,507,
Triple_LATTE,722,
Special_cappuccino,117,
Mild_LATTE,980,
Double_Espresso,635,
ICY_cappuccino,982,
MED_Espresso,641,
Cold_Espresso,996,
LARGE_cappuccino,671,
SMALL_Coffee,22,
Triple_Coffee,797,
Special_LATTE,276,
Mild_Coffee,271,
Double_Lite,262,
ICY_LATTE,245,
MED_Lite,212,
Cold_Lite,147,
LARGE_Espresso,18,
SMALL_MOCHA,797,
Triple_MOCHA,284,
Special_Coffee,295,
Mild_MOCHA,318,
Double_cappuccino,365,
ICY_Coffee,460,
MED_cappuccino,651,
Cold_cappuccino,1034,
LARGE_Lite,765,
SMALL_cappuccino,228,
Triple_cappuccino,191,
Special_MOCHA,118,
Mild_cappuccino,1009,
Double_LATTE,720,
ICY_MOCHA,143,
MED_LATTE,26,
Cold_LATTE,829,
LARGE_cappuccino,364,
SMALL_Espresso,471,
Triple_Espresso,686,
Special_cappuccino,81,
Mild_Espresso,944,
Double_Coffee,599,
ICY_cappuccino,946,
MED_Coffee,605,
Cold_Coffee,960,
LARGE_LATTE,635,
SMALL_Lite,1022,
Triple_Lite,761,
Special_Espresso,240,
Mild_Lite,235,
Double_MOCHA,226,
ICY_Espresso,209,
MED_MOCHA,176,
Cold_MOCHA,111,
LARGE_Coffee,1018,
SMALL_cappuccino,761,
Triple_cappuccino,248,
Special_Lite,259,
Mild_cappuccino,282,
Double_cappuccino,329,
ICY_Lite,424,
MED_cappuccino,615,
Cold_cappuccino,998,
LARGE_MOCHA,729,
SMALL_LATTE,192,
Triple_LATTE,155,
Special_cappuccino,82,
Mild_LATTE,973,
Double_Espresso,684,
ICY_cappuccino,107,
MED_Espresso,1026,
Cold_Espresso,793,
LARGE_cappuccino,328,
SMALL_Coffee,435,
Triple_Coffee,650,
Special_LATTE,45,
Mild_Coffee,908,
Double_Lite,563,
ICY_LATTE,910,
MED_Lite,569,
Cold_Lite,924,
LARGE_Espresso,599,
SMALL_MOCHA,986,
Triple_MOCHA,725,
Special_Coffee,204,
Mild_MOCHA,199,
Double_cappuccino,190,
ICY_Coffee,173,
MED_cappuccino,140,
Cold_cappuccino,75,
LARGE_Lite,982,
SMALL_cappuccino,725,
Triple_cappuccino,212,
Special_MOCHA,223,
Mild_cappuccino,246,
Double_LATTE,293,
ICY_MOCHA,388,
MED_LATTE,579,
Cold_LATTE,962,
LARGE_cappuccino,693,
SMALL_Espresso,156,
Triple_Espresso,119,
Special_cappuccino,46,
Mild_Espresso,937,
Double_Coffee,648,
ICY_cappuccino,71,
MED_Coffee,990,
Cold_Coffee,757,
LARGE_LATTE,292,
SMALL_Lite,399,
Triple_Lite,614,
Special_Espresso,1045,
Mild_Lite,872,
Double_MOCHA,527,
ICY_Espresso,874,
MED_MOCHA,533,
Cold_MOCHA,888,
LARGE_Coffee,563,
SMALL_cappuccino,950,
Triple_cappuccino,689,
Special_Lite,168,
Mild_cappuccino,163,
Double_cappuccino,154,
ICY_Lite,137,
MED_cappuccino,104,
Cold_cappuccino,39,
LARGE_MOCHA,946,
SMALL_LATTE,689,
Triple_LATTE,176,
Special_cappuccino,187,
Mild_LATTE,210,
Double_Espresso,257,
ICY_cappuccino,352,
MED_Espresso,543,
Cold_Espresso,926,
LARGE_cappuccino,657,
SMALL_Coffee,120,
Triple_Coffee,83,
Special_LATTE,1046,
Mild_Coffee,901,
Double_Lite,612,
ICY_LATTE,35,
MED_Lite,954,
Cold_Lite,721,
LARGE_Espresso,256,
SMALL_MOCHA,363,
Triple_MOCHA,578,
Special_Coffee,1009,
Mild_MOCHA,836,
Double_cappuccino,491,
ICY_Coffee,838,
MED_cappuccino,497,
Cold_cappuccino,852,
LARGE_Lite,527,
SMALL_cappuccino,914,
Triple_cappuccino,653,
Special_MOCHA,132,
Mild_cappuccino,127,
Double_LATTE,118,
ICY_MOCHA,101,
MED_LATTE,68,
Cold_LATTE,1039,
LARGE_cappuccino,910,
SMALL_Espresso,653,
Triple_Espresso,140,
Special_cappuccino,151,
Mild_Espresso,174,
Double_Coffee,221,
ICY_cappuccino,316,
MED_Coffee,507,
Cold_Coffee,890,
LARGE_LATTE,621,
SMALL_Lite,84,
Triple_Lite,47,
Special_Espresso,1010,
Mild_Lite,865,
Double_MOCHA,576,
ICY_Espresso,1035,
MED_MOCHA,918,
Cold_MOCHA,685,
LARGE_Coffee,220,
SMALL_cappuccino,327,
Triple_cappuccino,542,
Special_Lite,973,
Mild_cappuccino,800,
Double_cappuccino,455,
ICY_Lite,802,
MED_cappuccino,461,
Cold_cappuccino,816,
LARGE_MOCHA,491,
SMALL_LATTE,878,
Triple_LATTE,617,
Special_cappuccino,96,
Mild_LATTE,91,
Double_Espresso,82,
ICY_cappuccino,65,
MED_Espresso,32,
Cold_Espresso,1003,
LARGE_cappuccino,874,
SMALL_Coffee,617,
Triple_Coffee,104,
Special_LATTE,115,
Mild_Coffee,138,
Double_Lite,185,
ICY_LATTE,280,
MED_Lite,471,
Cold_Lite,854,
LARGE_Espresso,585,
SMALL_MOCHA,48,
Triple_MOCHA,1047,
Special_Coffee,974,
Mild_MOCHA,829,
Double_cappuccino,540,
ICY_Coffee,999,
MED_cappuccino,882,
Cold_cappuccino,649,
LARGE_Lite,184,
SMALL_cappuccino,291,
Triple_cappuccino,506,
Special_MOCHA,937,
Mild_cappuccino,764,